listingId,formattedCompany,comparable,delivery.state,delivery.latitude,delivery.longitude,numVehicles,vehiclesCount,vehicleOperable,vehicles,wideLoad,pickup.state,pickup.latitude,pickup.longitude,preferred_shipper,price,rating_count,rating_license,rating_score
41221530,"M&J Auto Transport, Inc.",0,AL,33.173002,-87.613500,1,1,0,(Pickup),0,AK,60.885768,-149.459365,0,400,168,1,99.1%
41090000,SWAT Inc.,0,WA,47.131890,-122.411850,1,1,1,(RV),0,AK,61.080278,-149.701828,0,1400,636,1,98.4%
41427985,Fidelity Auto Shipping,0,WA,47.544110,-122.313368,1,1,1,(Car),0,AK,61.222463,-149.867694,0,1500,1296,1,99.9%
41327193,Auto Island Credit,1,AL,33.540737,-86.801371,1,1,1,(Other),0,AL,33.405847,-86.952715,0,250,5,1,100.0%
41469893,Prominence Motors LLC,1,AL,34.711400,-86.549321,1,1,1,(Car),0,AL,33.337626,-86.960735,0,80,1,1,100.0%
41464259,United Road Logistics LLC,1,AL,33.351416,-86.821528,1,0,1,(Car),0,AL,33.648641,-86.699286,0,36,1167,1,98.7%
41491190,Carsarrive Network Inc.,1,AL,33.351416,-86.821528,1,1,1,(Car),0,AL,33.648641,-86.699286,0,140,953,1,99.4%
41238898,"Americars Group, LLC",1,AL,33.620750,-85.553122,1,1,1,(Other),0,AL,30.808850,-88.178103,0,320,170,1,100.0%
41484261,United Road Logistics LLC,1,AL,34.759182,-86.689641,1,0,1,(Car),0,AL,34.830274,-87.664543,0,75,1167,1,98.7%
41483920,Carsarrive Network Inc.,1,AL,33.351416,-86.821528,1,1,1,(Car),0,AL,34.606181,-86.545601,0,115,953,1,99.4%
41492643,United Road Logistics LLC,1,AL,33.351416,-86.821528,1,0,1,(Car),0,AL,34.759182,-86.689641,0,91,1167,1,98.7%
37115198,Auto Island Credit,1,AL,33.464529,-86.806566,5,5,1,"(4 Car, Pickup)",0,AL,30.808850,-88.178103,0,575,5,1,100.0%
41492344,Ready Auto Transport (RAT),1,AL,33.603374,-86.494434,1,1,0,(Other),0,AL,33.603374,-86.494434,0,30,1699,1,99.9%
41433875,Intercoastal Logistics,1,AL,33.607804,-86.759310,1,1,1,(Travel Trailer),0,AL,33.376143,-86.071249,0,200,30,1,100.0%
41419636,United Road Logistics LLC,1,AL,33.603374,-86.494434,1,0,0,(Car),0,AL,31.903154,-85.869093,0,187,1167,1,98.7%
41483859,Brewster Hotshots,1,AR,34.603058,-92.491436,1,1,1,(Pickup),0,AL,34.149380,-86.747356,0,250,110,1,100.0%
41492324,Ready Auto Transport (RAT),1,AZ,34.475370,-114.340188,1,1,1,(Other),0,AL,30.383821,-87.715678,0,775,1699,1,99.9%
41475819,I Move Auto,1,AZ,33.665600,-112.354400,1,1,0,(Other),0,AL,34.367864,-85.567582,0,750,131,1,100.0%
41454123,Wenzel Freight Brokerage Inc,1,AZ,33.456665,-111.812317,1,1,1,(Car),0,AL,33.932792,-87.306653,0,600,1,1,100.0%
41454857,1st Class Auto Transportation Inc,1,AZ,33.370003,-112.035334,1,1,0,(Other),0,AL,33.620913,-86.116838,0,700,488,1,99.8%
41219100,Passage Auto Transport,1,CA,34.169747,-118.122206,1,1,1,(Car),0,AL,32.557826,-85.479864,0,700,924,1,99.5%
41449475,"Mercury Auto Transport, Inc.",1,CA,33.749095,-117.993666,1,1,1,(Car),0,AL,33.351416,-86.821528,0,700,2712,1,100.0%
41487132,Ironclad Auto Transport LLC,1,CA,34.424742,-118.410016,1,1,1,(Car),0,AL,34.620893,-87.013675,0,640,878,1,100.0%
41480449,ING Solutions,1,CA,39.544795,-122.266428,1,1,1,(Pickup),0,AL,30.808850,-88.178103,0,1025,706,1,99.6%
41308306,"DIY Transport, Inc.",1,CA,38.014874,-121.911466,1,1,0,(Car),0,AL,31.368425,-85.869335,0,800,1977,1,100.0%
41170942,Creative Rides Inc.,1,CA,33.875014,-118.240778,1,1,0,(RV),0,AL,31.494984,-86.913842,0,2000,1020,1,98.7%
41404928,Premium Auto Movers LLC,1,CA,34.104014,-117.292518,1,1,1,(SUV),0,AL,32.292881,-84.974062,0,801,606,1,100.0%
41400823,Door to Door Transport,1,CA,34.104014,-117.292518,1,1,1,(SUV),0,AL,32.292881,-84.974062,0,700,2913,1,99.9%
41269647,Total Car Shipping,1,CA,35.332147,-116.662336,1,1,1,(Pickup),0,AL,34.821601,-86.731102,0,950,2320,1,100.0%
41476099,Nation Auto Transport LLC,1,CA,33.791307,-118.318634,1,1,1,(Van),0,AL,34.759182,-86.689641,0,780,1360,1,99.9%
41488474,BWT Group LLC,1,CA,38.817886,-121.276169,1,1,1,(SUV),0,AL,34.813620,-86.503450,0,800,1034,1,98.3%
41467821,Direct Express Auto Transport,1,CA,38.046747,-121.349437,1,1,1,(Car),0,AL,33.540920,-86.674476,0,700,650,1,98.6%
41358986,"FCC Logistics, Inc.",1,CA,33.875014,-118.240778,1,1,1,(SUV),0,AL,31.411345,-85.495512,0,750,165,1,100.0%
41481428,State 2 State Auto Transport,0,CA,36.641254,-119.904763,1,1,1,(SUV),0,AL,30.666570,-88.266256,0,845,1260,1,100.0%
41490236,Stars Auto Sales,1,CA,37.477871,-120.860749,1,1,1,(Pickup),0,AL,30.598161,-88.089824,0,850,212,1,100.0%
41478039,Smart Talk Transport Inc,0,CA,32.675320,-117.161824,1,1,1,(Car),0,AL,30.694500,-88.043100,0,625,380,1,98.9%
41162485,Nationwide Transport Services LLC,1,CA,37.342165,-121.906775,1,1,1,(SUV),0,AL,30.666570,-88.266256,0,1000,3521,1,100.0%
41443511,A1A Express Auto Shipping LLC,1,CA,37.949868,-122.540733,1,1,1,(Pickup),0,AL,33.217817,-87.539787,0,825,1278,1,100.0%
41490231,All Terrain Logistics Inc (prev. All Terra...,1,CO,39.710690,-105.090842,1,1,1,(Car),0,AL,31.368425,-85.869335,0,625,405,1,99.0%
41436616,Ship Your Car For Less Inc,1,CO,39.758341,-104.967670,1,1,1,(SUV),0,AL,33.249186,-86.920428,0,500,10,1,100.0%
41393623,Heartland Auto Shippers,1,CO,38.643180,-104.829924,1,1,1,(Car),0,AL,32.252150,-86.208627,0,450,404,1,100.0%
41373139,Vehicle Relocation Specialists Inc,1,CO,39.675748,-104.886004,1,1,1,(Car),0,AL,30.783878,-88.271423,0,600,138,1,100.0%
41429999,RoadRunner Auto Transport,1,FL,27.250705,-80.239969,1,1,1,(Car),0,AL,33.694836,-85.733730,0,300,2593,1,100.0%
41491659,Hi-Tech Autoworks Inc.,1,FL,26.620586,-81.873213,1,1,1,(Pickup),0,AL,34.815206,-86.887521,0,700,16,1,100.0%
41444425,CJ Auto Transport Services Corp,1,FL,25.604410,-80.335216,1,1,0,(Car),0,AL,33.337626,-86.960735,0,300,261,1,100.0%
41473895,Autovid,1,FL,30.344659,-81.734322,6,6,0,"(4 Car, 2 Van)",0,AL,33.540920,-86.674476,0,200,243,1,98.8%
41415600,The Motorsport Lab Inc.,0,FL,27.336400,-82.530800,1,1,1,(Car),0,AL,33.519260,-86.807546,0,700,7,1,100.0%
41448016,"DIY Transport, Inc.",1,FL,28.706389,-81.343062,4,4,0,"(2 Car, Pickup, SUV)",0,AL,33.351416,-86.821528,0,800,1977,1,100.0%
41491633,Culver Carriers Brokerage LLC,1,FL,27.919386,-82.380352,1,1,1,(Van),0,AL,33.540920,-86.674476,0,250,1042,1,99.9%
41450160,RNR Logistics,1,FL,30.413881,-81.777983,1,1,0,(Car),0,AL,31.146161,-85.412448,0,250,307,1,100.0%
41486594,CSR Investment Corp Group,1,FL,25.835822,-80.301342,3,3,1,(3 Car),0,AL,31.146161,-85.412448,0,700,3,1,100.0%
41363385,LMR Auto Trans Brok,1,FL,27.810426,-81.986616,1,1,0,(Pickup),0,AL,34.432986,-86.931126,0,595,1407,1,100.0%
41485426,Intertrade Inc,1,FL,25.812534,-80.240440,1,1,0,(Car),0,AL,31.365057,-85.316170,0,300,1277,1,98.5%
41487353,Criass Auto USA (prev. Cam Auto Sale Inc),1,FL,26.137655,-80.123016,1,1,1,(Car),0,AL,31.365057,-85.316170,0,300,232,1,98.7%
41484291,United Road Logistics LLC,1,FL,26.579592,-81.828676,1,0,1,(Pickup),0,AL,33.351416,-86.821528,0,383,1167,1,98.7%
41442693,Prestige Shipping Inc.,1,FL,30.456169,-81.537453,1,1,0,(SUV),0,AL,33.462639,-87.092621,0,250,54,1,100.0%
41490777,Roshan Motors Llc (prev. JAX Auto Sale),1,FL,30.344659,-81.734322,1,1,1,(Car),0,AL,33.462639,-87.092621,0,200,102,1,97.5%
41409149,Massrec LLC,1,FL,27.250109,-80.383096,1,1,1,(Car),0,AL,34.759182,-86.689641,0,250,337,1,99.4%
41225000,Direct Connect Auto Transport Inc.,1,FL,26.241801,-80.164602,1,1,1,(SUV),0,AL,33.540920,-86.674476,0,350,1942,1,100.0%
41398318,Qbic Freight Solutions LLC,1,FL,26.084586,-80.177016,1,1,1,(Car),0,AL,33.855077,-85.775960,0,400,143,1,100.0%
41483209,Carsarrive Network Inc.,1,FL,30.454597,-87.258345,1,1,1,(Car),0,AL,30.665624,-88.103864,0,140,953,1,99.4%
41144662,Patriot Express Global,0,FL,30.338800,-81.671400,1,1,1,(Motorcycle),0,AL,31.499156,-87.329404,0,150,9,1,100.0%
41448527,"Mercury Auto Transport, Inc.",1,FL,26.730507,-81.845898,1,1,1,(SUV),0,AL,32.404500,-86.245900,0,350.22,2712,1,100.0%
41488940,Coggin Honda,1,FL,30.353900,-81.499068,1,1,1,(Car),0,AL,33.603374,-86.494434,0,200,30,1,100.0%
41488942,Coggin Honda,1,FL,30.353900,-81.499068,1,1,1,(Car),0,AL,33.603374,-86.494434,0,200,30,1,100.0%
41488941,Coggin Honda,1,FL,30.353900,-81.499068,1,1,1,(Car),0,AL,33.603374,-86.494434,0,200,30,1,100.0%
41472089,SGT Auto Transport,1,FL,27.255856,-82.517414,1,1,1,(Car),0,AL,33.603374,-86.494434,0,300,537,1,99.8%
41456146,Cire Leasing,1,FL,28.570418,-81.535782,1,1,1,(Pickup),0,AL,33.603374,-86.494434,0,275,218,1,99.5%
41482279,Cire Leasing,1,FL,28.570418,-81.535782,1,1,1,(SUV),0,AL,33.603374,-86.494434,0,250,218,1,99.5%
41488062,MetroGistics LLC,1,FL,28.004875,-82.505808,1,1,1,(Car),0,AL,33.309422,-86.764955,0,425,2680,1,100.0%
41309389,Auto Shipping Group Inc.,1,FL,27.587240,-80.384540,1,1,1,(SUV),0,AL,33.412996,-88.038080,0,300,950,1,99.5%
41492743,United Road Logistics LLC,1,GA,33.995107,-83.706529,1,0,1,(Car),0,AL,31.335360,-86.408769,0,144,1167,1,98.7%
41385348,J&S Affordable Auto Broker and Parts Deale...,1,GA,33.813800,-84.550292,1,1,0,(Car),0,AL,34.321754,-86.496857,0,100,70,1,87.1%
41455257,"Baltic Auto Shipping, Inc",0,GA,32.082868,-81.137852,1,1,1,(Motorcycle),0,AL,34.765786,-87.108167,0,150,1053,1,99.6%
41468147,"Baltic Auto Shipping, Inc",0,GA,32.082868,-81.137852,1,1,1,(Car),0,AL,33.405847,-86.952715,0,225,1053,1,99.6%
41488122,V&S Brothers Inc,1,GA,32.182094,-81.197620,1,1,0,(Car),0,AL,33.462639,-87.092621,0,250,809,1,99.8%
41425103,MetroGistics LLC,0,GA,31.581331,-84.151910,1,1,1,(Car),0,AL,33.519260,-86.807546,0,280,2680,1,100.0%
41469028,Diz  LLC / Molly Anne LLC,0,GA,33.956300,-83.988100,4,4,1,(4 SUV),0,AL,33.519260,-86.807546,0,450,336,1,99.3%
41492525,United Road Logistics LLC,1,GA,33.621890,-84.521194,1,0,0,(SUV),0,AL,33.540920,-86.674476,0,250,1167,1,98.7%
41484075,International Express Shipping Inc,1,GA,32.182094,-81.197620,1,1,1,(Car),0,AL,33.540920,-86.674476,0,200,968,1,100.0%
41491448,"Al-Shati Al-Azark Showroom, Sale & Export ...",1,GA,32.292755,-81.231372,1,1,1,(Car),0,AL,30.808850,-88.178103,0,250,477,1,100.0%
41486379,ShipYourCarNow LLC,1,GA,34.001740,-83.350823,1,1,1,(Pickup),0,AL,30.383821,-87.715678,0,250,3259,1,99.8%
41484358,United Road Logistics LLC,1,GA,33.642552,-84.446495,1,0,1,(SUV),0,AL,34.035866,-85.865917,0,100,1167,1,98.7%
41484359,United Road Logistics LLC,1,GA,33.642552,-84.446495,1,0,1,(SUV),0,AL,34.035866,-85.865917,0,100,1167,1,98.7%
41483998,United American Auto Transport,1,GA,34.108712,-84.637923,1,1,1,(Car),0,AL,32.707870,-87.616988,0,100,2111,1,100.0%
41488613,Daw Shipping Services,1,GA,33.517870,-84.323622,1,1,1,(Car),0,AL,31.365057,-85.316170,0,150,50,1,100.0%
41436965,ARC Trucking Corp (prev. Harbor Auto Trans...,0,GA,34.313648,-83.810556,1,1,1,(Car),0,AL,31.365057,-85.316170,0,160,155,1,100.0%
41491183,"Baltic Auto Shipping, Inc",1,GA,32.082868,-81.137852,1,1,1,(Car),0,AL,31.365057,-85.316170,0,250,1053,1,99.6%
41434812,"Sims Waters & Associates, Inc",1,GA,32.182094,-81.197620,1,1,1,(Pickup),0,AL,34.640756,-85.720746,0,300,225,1,100.0%
41432040,Moto-Leader,1,GA,32.036444,-81.168404,1,1,0,(Car),0,AL,33.462639,-87.092621,0,225,285,1,100.0%
41397714,ABC Trucking & Logistics LLC,1,GA,32.075798,-81.075624,1,1,1,(SUV),0,AL,30.666570,-88.266256,0,250,293,1,99.7%
41484810,International Express Shipping Inc,1,GA,32.182094,-81.197620,1,1,1,(Car),0,AL,30.665624,-88.103864,0,250,968,1,100.0%
41473516,Swift Intercontinental Services Inc,1,GA,33.706736,-84.379520,1,1,1,(Car),0,AL,32.252150,-86.208627,0,125,27,1,96.3%
41490550,Executive Auto & Logistic (prev. Providenc...,1,GA,33.856022,-84.213682,1,1,1,(Car),0,AL,32.252150,-86.208627,0,125,184,1,95.1%
41491587,Sharp Enterprise of GA Inc.,1,GA,33.759169,-84.645160,1,1,1,(Car),0,AL,32.252150,-86.208627,0,125,224,1,99.6%
41491662,Culver Carriers Brokerage LLC,0,GA,33.770900,-84.292375,1,1,1,(Car),0,AL,32.369423,-86.159596,0,150,1042,1,99.9%
41491564,The Parts Farm,1,GA,32.162738,-82.304027,1,1,0,(Car),0,AL,32.252150,-86.208627,0,250,59,1,98.3%
41487284,"North American Auto Logistics, LLC",1,GA,32.794430,-83.672862,9,1,1,(9 Car),0,AL,32.337500,-86.404014,0,850,141,1,100.0%
41435209,C&C Towing&Transport,1,GA,33.621890,-84.521194,1,1,1,(Car),0,AL,33.575430,-85.849327,0,100,43,1,97.7%
41468684,Schumacher Cargo Logistics Inc.,1,GA,32.182094,-81.197620,1,1,1,(Motorcycle),0,AL,32.407413,-85.104656,0,250,785,1,99.6%
41451299,Syngin Technology Inc.,1,GA,33.621890,-84.521194,2,2,0,(2 Car),0,AL,33.623474,-86.203040,0,275,32,1,96.9%
41436035,"A.T. Trade, Inc",1,GA,33.784859,-84.198640,1,1,0,(SUV),0,AL,34.662910,-86.988182,0,125,128,1,100.0%
41398869,Classic Cadillac Atlanta Corp,1,GA,33.983238,-84.323001,1,1,1,(SUV),0,AL,31.903154,-85.869093,0,150,176,1,100.0%
41491984,Ready Auto Transport (RAT),1,GA,33.724791,-84.580202,1,1,0,(Other),0,AL,33.331888,-85.510222,0,125,1699,1,99.9%
41487702,McGrath Buick Cadillac GMC,1,IA,42.053650,-91.686840,1,1,1,(Car),0,AL,33.603374,-86.494434,0,450,640,1,100.0%
41477297,Montway Inc.,1,ID,43.560522,-116.289073,1,1,1,(SUV),0,AL,34.711400,-86.549321,0,800,1701,1,100.0%
41489637,Banclease Acceptance Corporaton,1,IL,42.038694,-87.793083,1,1,1,(Car),0,AL,33.603374,-86.494434,0,350,3,1,100.0%
41489618,Wholesale Inc,1,KY,36.748127,-86.560770,1,1,1,(Car),0,AL,33.540920,-86.674476,0,175,1162,1,99.6%
41452516,Angels Moving Autos,1,KY,38.162475,-85.792809,1,1,0,(Car),0,AL,33.540920,-86.674476,0,350,600,1,99.7%
41485218,McMillon Movement Inc.,0,LA,30.450600,-91.154700,1,1,0,(Car),0,AL,30.694500,-88.043100,0,180,202,1,98.0%
41488431,MetroGistics LLC,1,LA,30.225369,-90.925334,1,1,1,(Car),0,AL,30.665624,-88.103864,0,125,2680,1,100.0%
41465680,Car Delivery USA Inc,1,MA,42.131775,-71.973205,1,1,1,(Car),0,AL,34.709737,-86.742356,0,475,2015,1,99.6%
41489497,Toby's Auto Sale Inc.,1,MD,39.200371,-76.747374,1,1,1,(Car),0,AL,33.603374,-86.494434,0,250,7,1,100.0%
41411614,Secure Auto Shipping Inc. 1,1,MD,39.432812,-76.292424,1,1,1,(Car),0,AL,33.520800,-86.802700,0,450,1997,1,100.0%
41368207,Premium Auto Movers LLC,1,MD,39.712053,-76.649742,1,1,1,(Car),0,AL,34.804218,-86.592350,0,351,606,1,100.0%
41476274,Ship A Car Inc.,1,MI,42.759937,-83.410432,1,1,1,(Other),0,AL,34.722068,-86.468098,0,600,2170,1,100.0%
41445942,Reindeer Logistics Inc. (prev. Reindeer Au...,1,MI,42.464700,-83.376400,1,1,1,(Car),0,AL,34.709737,-86.742356,0,400,983,1,99.4%
41388892,Auto Shipping Group Inc.,1,MI,43.801688,-82.733578,1,1,1,(SUV),0,AL,30.282220,-87.564980,0,375,950,1,99.5%
41476286,United Auto Transport,1,MI,43.801688,-82.733578,1,1,1,(SUV),0,AL,30.282220,-87.564980,0,450,1189,1,99.6%
41482085,BWT Group LLC,1,MN,44.501358,-96.387234,1,1,1,(Car),0,AL,33.499292,-86.880368,0,500,1034,1,98.3%
41485300,74 Auto,1,MO,36.898695,-89.576952,1,1,1,(SUV),0,AL,30.808850,-88.178103,0,400,435,1,100.0%
41488234,GSS,1,MO,38.802758,-91.246612,1,1,1,(Motorcycle),0,AL,34.407120,-85.704552,0,300,14,1,100.0%
41280826,Heartland Auto Shippers,1,MT,48.052440,-113.863717,1,1,1,(SUV),0,AL,34.821601,-86.731102,0,1150,404,1,100.0%
41485006,RoadRunner Auto Transport,1,NC,35.671387,-75.496086,1,1,1,(Car),0,AL,33.540920,-86.674476,0,500,2593,1,100.0%
41427841,Nationwide Transport Services LLC,1,NC,35.419708,-80.675816,1,1,1,(Car),0,AL,33.088424,-86.067168,0,225,3521,1,100.0%
41476556,BWT Group LLC,1,NE,41.295474,-95.999814,1,1,1,(SUV),0,AL,32.485808,-85.121304,0,680,1034,1,98.3%
41337230,BWT Group LLC,1,NJ,40.935483,-74.421716,1,1,0,(Car),0,AL,31.368425,-85.869335,0,500,1034,1,98.3%
41403193,Auto Transport 123,1,NJ,39.394661,-74.517904,1,1,1,(Motorcycle),0,AL,34.052526,-85.928538,0,250,2304,1,100.0%
41461278,Auto Driveaway NJ,1,NJ,41.112803,-74.496232,1,1,1,(Car),0,AL,33.928320,-86.096080,0,450,552,1,99.8%
41484830,Stateway Auto Transportation,1,NM,35.576264,-106.106230,1,1,1,(Car),0,AL,34.121219,-85.592660,0,650,2429,1,98.9%
41489548,RoadRunner Auto Transport,1,NV,36.060082,-115.264440,1,1,1,(Car),0,AL,33.173002,-87.613500,0,1400,2593,1,100.0%
41419145,AF Import-Export Shipping,1,NY,40.829330,-73.908134,1,1,1,(Car),0,AL,33.462639,-87.092621,0,500,225,0,99.6%
41485997,Summit Motors Corp,1,NY,40.829982,-73.865990,1,1,0,(SUV),0,AL,30.808850,-88.178103,0,400,179,1,99.4%
41418272,Reindeer Logistics Inc. (prev. Reindeer Au...,1,OH,41.536223,-83.564239,1,1,1,(Car),0,AL,33.855077,-85.775960,0,500,983,1,99.4%
41485795,Germain Lexus of Dublin,1,OH,40.117802,-83.135870,1,1,1,(Car),0,AL,32.369423,-86.159596,0,425,73,1,100.0%
41363195,Simell LLC,1,OH,41.677620,-81.329808,1,1,0,(Other),0,AL,34.662910,-86.988182,0,900,25,1,100.0%
41480914,Viceroy Auto Trans,1,OR,45.533458,-122.681501,1,1,1,(SUV),0,AL,33.399602,-86.682992,0,875,449,1,100.0%
41480558,Southwest A/T LLC (prev. Falconer Towing L...,0,PA,40.786815,-77.844376,1,1,1,(Car),0,AL,33.677138,-85.919920,0,450,274,1,97.8%
41488237,ShipYourCarNow LLC,1,PA,39.951061,-75.165620,1,1,1,(Car),0,AL,33.520800,-86.802700,0,400,3259,1,99.8%
41489478,Stateway Auto Transportation,1,PA,39.951061,-75.165620,1,1,1,(Car),0,AL,33.648641,-86.699286,0,350,2429,1,98.9%
41485190,Montway Inc- Relocation,1,PA,41.408800,-75.662600,1,1,1,(Car),0,AL,33.520800,-86.802700,0,350,257,1,100.0%
41482716,Montway Inc- Relocation,1,PA,41.114900,-76.828763,1,1,1,(Car),0,AL,34.052526,-85.928538,0,350,257,1,100.0%
41447953,Interstate Transportation Systems Corp,0,PA,40.188486,-75.148777,1,1,0,(Other),0,AL,33.811750,-87.283490,0,1000,24,1,100.0%
41440333,Direct Express Auto Transport,1,SC,32.821494,-79.852362,1,1,1,(Car),0,AL,30.604252,-87.858161,0,350,650,1,98.6%
41492198,Ready Auto Transport (RAT),1,SC,33.096430,-80.195270,1,1,1,(Other),0,AL,32.896902,-85.255222,0,210,1699,1,99.9%
41486483,Georgetown Auto Sales Inc.,1,SC,33.387012,-79.381422,1,1,1,(Pickup),0,AL,30.593573,-88.189340,0,375,118,1,100.0%
41489230,All Pro Installations,1,TN,35.929939,-86.462967,1,1,0,(Van),0,AL,33.627296,-86.653268,0,250,375,1,100.0%
41492002,Ready Auto Transport (RAT),1,TN,36.175305,-86.490896,1,1,0,(Other),0,AL,31.146161,-85.412448,0,280,1699,1,99.9%
41492585,United Road Logistics LLC,1,TN,35.908356,-86.777932,1,0,1,(Pickup),0,AL,31.146161,-85.412448,0,190,1167,1,98.7%
41483778,Flat Rock Auto Parts and Salvage,1,TN,35.892497,-86.316986,1,1,0,(Car),0,AL,30.808850,-88.178103,0,200,108,1,100.0%
41486738,AutoMax of Memphis,1,TN,35.222170,-89.922165,2,2,1,"(Car, Pickup)",0,AL,30.383821,-87.715678,0,400,1,1,100.0%
41464767,Wholesale Inc,1,TN,36.255363,-86.698270,1,1,1,(Car),0,AL,34.407120,-85.704552,0,75,1162,1,99.6%
41481289,FXW Transport,0,TN,36.278882,-86.273680,2,2,1,(2 Car),0,AL,34.673300,-86.752100,0,180,98,1,98.0%
41489140,MetroGistics LLC,1,TN,35.918284,-83.999908,1,1,1,(Car),0,AL,30.665624,-88.103864,0,375,2680,1,100.0%
41486294,Carsarrive Network Inc.,1,TN,35.904504,-83.843877,1,1,1,(Car),0,AL,33.603374,-86.494434,0,210,953,1,99.4%
41464509,Wholesale Inc,0,TN,36.166687,-86.779932,2,1,1,(2 Car),0,AL,33.928320,-86.096080,0,200,408,1,97.7%
41486941,Grayson BMW,1,TN,35.856007,-84.100953,1,1,1,(SUV),0,AL,33.179757,-86.225824,0,200,177,1,99.4%
41487232,MCM Custom Vehicles LLC,1,TN,35.209922,-89.791936,1,1,1,(Pickup),0,AL,33.646880,-86.573870,0,195,247,1,100.0%
41487356,MCM Custom Vehicles LLC,1,TN,35.091114,-89.658597,1,1,1,(Pickup),0,AL,33.646880,-86.573870,0,180,247,1,100.0%
41487484,MCM Custom Vehicles LLC,1,TN,35.222170,-89.922165,1,1,1,(Pickup),0,AL,33.646880,-86.573870,0,195,247,1,100.0%
41346975,BWT Group LLC,1,TN,36.143122,-86.589654,1,1,1,(Car),0,AL,32.777300,-85.147300,0,150,1034,1,98.3%
41477822,Armando Automotive,0,TX,32.780000,-96.800000,1,1,0,(Car),0,AL,33.519260,-86.807546,0,300,263,1,98.9%
41375041,Reindeer Logistics Inc. (prev. Reindeer Au...,1,TX,30.500628,-97.630248,1,1,1,(Car),0,AL,30.604252,-87.858161,0,550,983,1,99.4%
41484875,Carsarrive Network Inc.,1,TX,29.648254,-95.140251,1,1,1,(Car),0,AL,34.620893,-87.013675,0,495,953,1,99.4%
41475843,Elite International Trucking LLC,1,TX,29.652842,-95.283357,1,1,0,(Other),0,AL,31.365057,-85.316170,0,275,259,1,99.2%
41133928,Auto Transport 123,1,TX,30.002821,-95.394132,1,1,1,(SUV),0,AL,34.669181,-86.560310,0,350,2304,1,100.0%
41435527,Emarat Shipping Inc 1,1,TX,29.682276,-95.257164,1,1,1,(Other),0,AL,33.855077,-85.775960,0,450,807,1,99.2%
41414402,Chicago Autoplex Inc,1,TX,32.982239,-97.384485,1,1,0,(Car),0,AL,30.665624,-88.103864,0,300,93,1,100.0%
41424482,Southeast Auto Movers LLC,0,TX,32.780000,-96.800000,1,1,1,(Car),0,AL,30.666570,-88.266256,0,325,37,1,97.3%
41475997,"Royal Oak Motors,Inc",0,TX,29.765500,-95.359200,1,1,1,(Car),0,AL,30.694500,-88.043100,0,200,106,1,99.1%
41427401,Superior Quality Inc,1,TX,29.832593,-95.648185,1,1,1,(Car),0,AL,32.491480,-85.031052,0,350,692,1,100.0%
41420369,Olympus Xclusive Transporters LLC,1,UT,40.756587,-111.901214,1,1,1,(SUV),0,AL,30.694500,-88.043100,0,741,66,1,100.0%
41475920,"Mercury Auto Transport, Inc.",1,UT,40.756587,-111.901214,1,1,1,(SUV),0,AL,30.665624,-88.103864,0,1000,2712,1,100.0%
41476815,BWT Group LLC,1,UT,40.756587,-111.901214,1,1,1,(SUV),0,AL,30.665624,-88.103864,0,1000,1034,1,98.3%
41450290,"Mercury Auto Transport, Inc.",1,VA,38.736614,-77.546642,1,1,1,(Other),0,AL,31.419842,-86.089185,0,450.01,2712,1,100.0%
41471182,Secure Auto Shipping Inc. 1,0,VA,39.192409,-77.625300,1,1,1,(Car),0,AL,34.673300,-86.752100,0,350,1997,1,100.0%
41442672,Smart Talk Transport Inc,1,VA,39.192409,-77.625300,1,1,1,(Car),0,AL,34.897392,-86.709413,0,350,380,1,98.9%
41466680,Auto Transport 123,1,VT,44.279964,-72.609412,1,1,1,(Pickup),0,AL,33.508460,-86.738661,0,750,2304,1,100.0%
41366570,Acme Auto Shipping,1,WA,47.413900,-122.198090,1,1,1,(Car),0,AL,34.765786,-87.108167,0,900,1426,1,100.0%
41298572,Auto Transport 123,0,WA,45.679855,-122.649732,1,1,1,(Car),0,AL,33.519260,-86.807546,0,825,2304,1,100.0%
41396438,Allied Auto Shippers LLC,1,WA,47.295332,-122.622708,1,1,1,(SUV),0,AL,33.456572,-86.860266,0,1000,477,1,100.0%
41465426,RoadRunner Auto Transport,1,WA,47.259358,-122.396924,1,1,1,(SUV),0,AL,31.146161,-85.412448,0,1000,2593,1,100.0%
41444227,Freedom Auto Transport LLC,1,WA,47.451974,-120.330783,1,1,1,(Car),0,AL,30.482441,-87.866974,0,1300,2108,1,100.0%
41413239,Reindeer Logistics Inc. (prev. Reindeer Au...,1,WA,45.679855,-122.649732,1,1,1,(Car),0,AL,32.467355,-86.359491,0,1100,983,1,99.4%
41396935,Hat Creek Carriers,1,WA,47.261056,-122.510467,1,1,1,(Other),0,AL,32.683322,-85.403409,0,800,725,1,88.1%
41175007,Freedom Auto Transport LLC,1,WA,47.128709,-122.522444,1,1,0,(SUV),0,AL,32.491480,-85.031052,0,930,2108,1,100.0%
41489817,"Waukesha Imports, Llc",1,WI,43.029094,-88.213516,1,1,1,(SUV),0,AL,30.665624,-88.103864,0,550,89,1,97.8%
41478022,"Les Mack Chevrolet-Buick,",1,WI,42.850716,-90.689558,1,1,1,(SUV),0,AL,33.603374,-86.494434,0,400,84,1,100.0%
41455841,MetroGistics LLC,1,AL,32.369423,-86.159596,1,1,1,(Car),0,AR,35.063958,-92.370596,0,315,2680,1,100.0%
41457870,JDC Enterprises Inc,0,AR,36.187614,-94.239698,1,1,1,(Car),0,AR,34.049477,-93.081680,0,120,7,1,85.7%
41481059,LNR Services LLC,0,AR,35.888104,-90.638038,1,1,1,(Pickup),0,AR,36.358326,-94.236067,0,200,251,1,100.0%
41485279,LNR Services LLC,0,AR,36.358326,-94.236067,1,1,1,(Pickup),0,AR,35.888104,-90.638038,0,200,251,1,100.0%
41490885,Nationwide Auto Transportation LLC (prev. ...,1,AR,36.118166,-94.059994,1,1,1,(Car),0,AR,34.782052,-92.152820,0,150,1013,1,99.8%
41481804,Elite Autos LLC,1,AR,35.779513,-90.742341,1,1,1,(Car),0,AR,36.180440,-94.035930,0,300,145,1,100.0%
41489254,Maranatha Auto Carrier Inc.,1,AZ,32.076994,-110.898754,1,1,0,(Car),0,AR,35.063958,-92.370596,0,550,162,1,100.0%
41459254,Mid South Brokers,1,AZ,33.538168,-112.185914,1,1,1,(Pickup),0,AR,36.034808,-94.269069,0,600,13,1,100.0%
41425520,Capitol Auto Transport,1,AZ,32.401553,-110.953036,1,1,1,(SUV),0,AR,34.752862,-92.274760,0,680,1423,1,100.0%
41484713,"N.A.V.T. Inc,",1,AZ,33.432017,-112.012424,1,1,1,(Pickup),0,AR,34.907709,-92.137929,0,650,943,1,99.9%
41478453,AAA Aero Auto Transport,0,AZ,33.334686,-111.742989,1,1,1,(Car),0,AR,33.241951,-93.180758,0,520,187,1,97.3%
41454877,Lone Star Car Broker/Lone Star Car Transpo...,1,AZ,32.071354,-110.908940,1,1,1,(Pickup),0,AR,35.218398,-90.183161,0,700,1417,1,100.0%
41411919,Orange Auto Transport,1,CA,33.352930,-117.418744,1,1,1,(Car),0,AR,34.624280,-92.672405,0,600,1261,1,100.0%
41448128,AmeriFreight,1,CA,37.369650,-122.024210,1,1,1,(Car),0,AR,36.358326,-94.236067,0,700,1341,1,99.6%
41482585,Luxury Unlimited Group Inc.,1,CA,34.124596,-117.521412,1,1,1,(SUV),0,AR,35.063958,-92.370596,0,900,171,1,100.0%
41399221,Emarat Shipping Inc 1,1,CA,33.795232,-117.998295,1,1,1,(SUV),0,AR,35.779513,-90.742341,0,950,807,1,99.2%
41447964,Q Auto Transport LLC,0,CA,33.703402,-116.229186,1,1,1,(Car),0,AR,34.752862,-92.274760,0,650,1465,1,100.0%
41462931,Door to Door Transport,1,CA,33.352930,-117.418744,1,1,1,(Pickup),0,AR,36.247120,-94.111849,0,850,2913,1,99.9%
41439669,Dixon Worldwide Logistics Inc,1,CA,33.964032,-118.273705,1,1,1,(Car),0,AR,33.241951,-93.180758,0,601,328,1,97.7%
41480662,AutoStar Transport Express LLC (prev. Auto...,1,CA,33.814615,-117.824086,1,1,1,(Car),0,AR,35.240318,-91.704914,0,600,2601,1,100.0%
41488875,Stateway Auto Transportation,0,CA,33.685908,-117.824719,1,1,1,(Car),0,AR,36.168660,-94.455412,0,900,2429,1,98.9%
41491775,"DIY Transport, Inc.",1,CA,34.609119,-117.818425,1,1,1,(Car),0,AR,36.180440,-94.035930,0,780,1977,1,100.0%
41435103,Q Auto Transport LLC,0,CA,33.912776,-118.345632,1,1,0,(Car),0,AR,35.464129,-94.340980,0,700,1465,1,100.0%
41279961,Stateway Auto Transportation,1,CA,32.724598,-116.993628,1,1,1,(Car),0,AR,33.602303,-92.153597,0,650,2429,1,98.9%
41476092,Reindeer Logistics Inc. (prev. Reindeer Au...,1,CO,40.048024,-105.206798,1,1,1,(Car),0,AR,35.198376,-94.194922,0,575,983,1,99.4%
41480957,"DIY Transport, Inc.",1,CO,39.789772,-104.828404,2,2,1,(2 Car),0,AR,34.796793,-92.515202,0,1000,1977,1,100.0%
41480756,Carsarrive Network Inc.,1,CO,39.910660,-105.006741,2,2,1,(2 Car),0,AR,34.782052,-92.152820,0,1175,953,1,99.4%
41413113,Auto Transport 123,0,CT,41.782600,-72.661300,1,1,1,(SUV),0,AR,35.366736,-94.414673,0,550,2304,1,100.0%
41491938,Ready Auto Transport (RAT),1,FL,30.591293,-87.002077,1,1,1,(Other),0,AR,34.603058,-92.491436,0,420,1699,1,99.9%
41304074,G&G GA Transport Inc,1,FL,30.456169,-81.537453,1,1,1,(SUV),0,AR,35.063958,-92.370596,0,375,105,1,100.0%
41460299,Prestige Shipping Inc.,1,FL,30.456169,-81.537453,1,1,1,(SUV),0,AR,35.063958,-92.370596,0,450,54,1,100.0%
41485770,Masafi Used Auto Spare Parts LLC,1,FL,30.344659,-81.734322,1,1,1,(Car),0,AR,35.063958,-92.370596,0,350,209,1,98.3%
41477462,Signature Motorsports LLC,1,FL,28.074742,-80.632606,1,1,1,(Motorcycle),0,AR,35.274120,-94.373690,0,700,265,1,99.2%
41420189,Stateway Auto Transportation,1,FL,27.788998,-82.728388,1,1,1,(Pickup),0,AR,35.802026,-92.579150,0,550,2429,1,98.9%
41374361,"DIY Transport, Inc.",1,FL,28.555472,-82.524481,1,1,1,(SUV),0,AR,33.592290,-91.739966,0,550,1977,1,100.0%
41491619,Horizon Motors Inc,1,FL,28.570418,-81.535782,1,1,1,(SUV),0,AR,34.782052,-92.152820,0,300,52,1,100.0%
41448479,Bolufe Body Shop Corp,1,FL,25.860064,-80.271484,1,1,1,(Pickup),0,AR,34.690957,-92.068473,0,700,38,1,100.0%
41483037,"Hanover Transport, Inc",1,FL,30.454597,-87.258345,1,1,1,(SUV),0,AR,35.240318,-91.704914,0,400,1502,1,100.0%
41412322,TAT services,1,FL,28.386921,-81.357284,1,1,1,(Car),0,AR,33.462776,-93.883159,0,400,0,1,[N/A]
41449623,Autos On The Go LLC,1,GA,34.005912,-84.470780,1,1,1,(Van),0,AR,34.673660,-92.369697,0,375,1162,1,99.8%
41478499,Stateway Auto Transportation,1,GA,34.515587,-85.285974,1,1,1,(Car),0,AR,34.673660,-92.369697,0,280,2429,1,98.9%
41443032,Dapex Inc.,1,GA,32.082868,-81.137852,1,1,0,(SUV),0,AR,34.690957,-92.068473,0,470,458,1,99.7%
41434408,C Auto Group Inc. (prev. Basset Motor Sale...,1,GA,32.292755,-81.231372,1,1,0,(Car),0,AR,36.187614,-94.239698,0,400,583,1,99.1%
41377030,Auto Transport 123,0,GA,32.111429,-81.254363,1,1,1,(Car),0,AR,34.280294,-92.121521,0,350,2304,1,100.0%
41471913,Massrec LLC,1,IL,42.342906,-88.112125,1,1,1,(Motorcycle),0,AR,36.294829,-91.575750,0,400,337,1,99.4%
41059614,"C Auto Transport, Inc",1,IL,41.931285,-88.007188,1,1,1,(Car),0,AR,35.198376,-94.194922,0,350,417,1,100.0%
41459304,Professional Trans Svcs LLC/PTS Auto Carri...,1,IN,39.318010,-85.479184,1,1,0,(Pickup),0,AR,34.782052,-92.152820,0,350,1160,1,99.9%
41430532,South Beach Transport,1,IN,41.359660,-86.310828,1,1,1,(Pickup),0,AR,35.275751,-93.684532,0,450,1954,1,99.9%
41480746,Heartland Auto Shippers,1,KS,39.171248,-96.547604,1,1,1,(Pickup),0,AR,34.744879,-92.346546,0,250,404,1,100.0%
41466960,Stars Auto Sales,1,KY,37.041596,-86.468559,1,1,0,(Van),0,AR,35.114982,-90.155922,0,350,212,1,100.0%
41492016,Ready Auto Transport (RAT),1,LA,31.278806,-92.532920,1,1,1,(Other),0,AR,35.301684,-94.406618,0,260,1699,1,99.9%
41360363,Elite Auto Hauling Services LLC,0,MD,39.295824,-76.607773,1,1,1,(Car),0,AR,35.944537,-94.091378,0,300,142,1,100.0%
41456276,Auto Life LLC,1,MD,39.095536,-76.802100,1,1,1,(SUV),0,AR,34.782052,-92.152820,0,350,16,1,100.0%
41490791,AutoGo Transport,1,MI,42.462728,-83.403556,1,1,1,(SUV),0,AR,36.358326,-94.236067,0,550,445,1,100.0%
41465156,Express Automotive,1,MI,42.556121,-83.117606,1,1,1,(Car),0,AR,35.063958,-92.370596,0,450,52,1,100.0%
41485826,Chase Auto Sales Inc,1,MI,42.367841,-83.138984,1,1,0,(SUV),0,AR,35.063958,-92.370596,0,400,205,1,98.5%
41491462,B&R Sales Inc,1,MI,42.367841,-83.138984,1,1,0,(SUV),0,AR,35.063958,-92.370596,0,400,64,1,100.0%
41490080,Direct Connect Auto Transport Inc.,1,MI,43.414012,-83.926210,1,1,1,(SUV),0,AR,35.227932,-90.824902,0,350,1942,1,100.0%
41479344,R.L. Brookdale Motors Inc.,1,MN,45.063892,-93.340708,1,1,1,(Pickup),0,AR,36.302142,-94.121411,0,450,87,1,100.0%
41477980,MetroGistics LLC,1,MO,38.792465,-90.387003,1,1,1,(Car),0,AR,35.301684,-94.406618,0,200,2680,1,100.0%
41404913,PRA Location Services LLC,1,MO,39.104106,-94.599688,5,1,1,(5 Motorcycle),0,AR,34.228600,-92.003400,0,750,580,1,100.0%
41478998,US Transport LLC (prev. All Road Transport...,1,MO,37.220780,-93.328184,1,1,1,(ATV),0,AR,35.909708,-94.310825,0,80,49,1,100.0%
41491816,Carsarrive Network Inc.,1,MO,39.160716,-94.449162,1,1,1,(Car),0,AR,36.302142,-94.121411,0,120,953,1,99.4%
41491916,Ready Auto Transport (RAT),1,MO,39.160716,-94.449162,1,1,0,(Other),0,AR,33.462776,-93.883159,0,480,1699,1,99.9%
41476890,Eagle Auto Shipping LLC,0,MS,30.390990,-89.072912,1,1,1,(Car),0,AR,34.752862,-92.274760,0,350,176,1,100.0%
41491436,Ecar Movers,1,MS,30.387557,-89.272081,1,1,1,(Other),0,AR,34.673660,-92.369697,0,300,458,1,99.5%
41418790,Integrity Hot Shot Services LLC,0,MS,32.299758,-88.605536,1,1,1,(Pickup),0,AR,34.862469,-92.404514,0,225,597,1,100.0%
41304196,BWT Group LLC,1,MT,46.857761,-114.015020,1,1,1,(SUV),0,AR,34.477713,-93.060354,0,600,1034,1,98.3%
41432295,"Haul Away Logistics, LLC",1,NC,35.056788,-76.699534,1,1,1,(Car),0,AR,35.565040,-92.588855,0,600,1246,1,99.2%
41490007,MetroGistics LLC,1,NC,35.123281,-80.933955,1,1,1,(Car),0,AR,34.752862,-92.274760,0,450,2680,1,100.0%
41486359,Woodhouse Lincoln,1,NE,41.122968,-95.890562,1,1,1,(SUV),0,AR,36.358326,-94.236067,0,275,113,1,100.0%
41491926,Ready Auto Transport (RAT),1,NE,41.158714,-96.138182,1,1,0,(Other),0,AR,35.274120,-94.373690,0,465,1699,1,99.9%
41385413,RoadRunner Auto Transport,1,NH,43.065957,-71.437200,1,1,1,(Car),0,AR,33.583266,-91.247204,0,700,2593,1,100.0%
41174622,Auto Transport 123,1,NV,35.990387,-115.211564,1,1,1,(Car),0,AR,36.458838,-94.120812,0,625,2304,1,100.0%
41464731,BWT Group LLC,1,NY,40.688784,-73.374758,1,1,1,(SUV),0,AR,35.888104,-90.638038,0,650,1034,1,98.3%
41470791,CMR Global Logistics Inc.,1,NY,40.688784,-73.374758,1,1,1,(Car),0,AR,35.888104,-90.638038,0,800,373,1,98.4%
41476710,New Way Moving Services,1,NY,40.885427,-73.164651,1,1,1,(Car),0,AR,34.805287,-92.244662,0,400,1319,1,97.7%
41429896,Mid South Brokers,1,OH,41.667276,-83.722526,1,1,1,(Pickup),0,AR,36.034808,-94.269069,0,450,13,1,100.0%
41486850,United Road Logistics LLC,1,OK,36.189570,-95.824382,1,0,1,(SUV),0,AR,35.186975,-93.195135,0,145,1167,1,98.7%
41491954,Ready Auto Transport (RAT),1,OK,35.449670,-97.565661,1,1,1,(Other),0,AR,34.280294,-92.121521,0,275,1699,1,99.9%
41475910,E-Z Rent A Car,1,OK,35.420678,-97.570074,1,1,1,(SUV),0,AR,34.690957,-92.068473,0,250,181,1,98.9%
41395137,Reindeer Logistics Inc. (prev. Reindeer Au...,1,PA,41.458054,-75.730478,1,1,1,(Car),0,AR,35.063958,-92.370596,0,625,983,1,99.4%
41480861,BWT Group LLC,1,PA,40.319659,-75.512818,1,1,1,(Car),0,AR,33.462776,-93.883159,0,750,1034,1,98.3%
41468309,Carsarrive Network Inc.,1,TN,35.222170,-89.922165,1,1,1,(Car),0,AR,34.603058,-92.491436,0,110,953,1,99.4%
41492522,United Road Logistics LLC,1,TN,36.175305,-86.490896,1,0,0,(Car),0,AR,35.575604,-90.714299,0,250,1167,1,98.7%
41484062,Silver Star Logistics LLC,0,TN,35.149700,-90.048700,1,1,1,(Car),0,AR,34.752862,-92.274760,0,150,65,1,100.0%
41467690,Secure Auto Shipping Inc. 1,1,TN,36.186202,-82.311707,1,1,1,(Motorcycle),0,AR,36.331388,-92.406648,0,250,1997,1,100.0%
41480825,Ship Your Car For Less Inc,0,TN,36.186202,-82.311707,1,1,1,(Motorcycle),0,AR,36.331388,-92.406648,0,300,10,1,100.0%
41323398,"All Star Direct Auto Shipping, LLC (prev. ...",0,TX,35.770008,-101.291614,1,1,1,(Pickup),0,AR,33.565400,-92.254464,0,275,828,1,100.0%
41483470,United Road Logistics LLC,1,TX,32.683676,-96.938141,1,0,1,(Car),0,AR,34.534538,-92.621910,0,175,1167,1,98.7%
41485833,Dynamic Auto Movers LLC,1,TX,30.094544,-94.093352,1,1,1,(Pickup),0,AR,36.288822,-93.558175,0,600,1230,1,100.0%
41485017,Great-Autorino,1,TX,29.668938,-95.587576,1,1,1,(SUV),0,AR,35.063958,-92.370596,0,200,70,1,97.1%
41486471,BWT Group LLC,1,TX,30.085900,-94.101400,1,1,1,(Pickup),0,AR,36.387045,-93.745625,0,550,1034,1,98.3%
41489790,Dixon Worldwide Logistics Inc,1,TX,30.094544,-94.093352,1,1,1,(Pickup),0,AR,36.387045,-93.745625,0,500,328,1,97.7%
41489074,Mid City McAndrew Motors,1,TX,32.722022,-97.162347,1,1,1,(Travel Trailer),0,AR,34.625443,-92.251744,0,400,182,1,100.0%
41393757,United American Auto Transport,1,TX,33.627516,-96.719286,1,1,0,(Pickup),0,AR,34.341836,-92.905749,0,300,2111,1,100.0%
41463753,Allied Auto Shippers LLC,1,TX,32.641920,-97.329991,1,1,1,(Car),0,AR,34.018886,-93.881711,0,200,477,1,100.0%
39982091,Nytti Corp,1,TX,33.003921,-96.895926,1,1,1,(Motorcycle),0,AR,34.782052,-92.152820,0,100,270,1,100.0%
41478915,"Sims Waters & Associates, Inc",1,TX,29.306824,-94.771914,1,1,1,(SUV),0,AR,35.909708,-94.310825,0,400,225,1,100.0%
41490161,C & W Used Cars,1,TX,29.910815,-95.337922,1,1,0,(Car),0,AR,35.909708,-94.310825,0,350,428,1,99.3%
41488331,Ark Shipping Line LLC,1,TX,29.682972,-95.048232,1,1,0,(Car),0,AR,34.690957,-92.068473,0,300,363,1,100.0%
41492253,Ready Auto Transport (RAT),1,TX,32.816483,-97.107439,1,1,0,(Other),0,AR,35.464129,-94.340980,0,240,1699,1,99.9%
41492254,Ready Auto Transport (RAT),1,TX,32.816483,-97.107439,1,1,1,(Other),0,AR,35.464129,-94.340980,0,215,1699,1,99.9%
41416865,AutoDriveaway Dallas,1,TX,32.959787,-96.838472,1,1,1,(Van),0,AR,34.310133,-94.355807,0,275,97,1,99.5%
41478618,Ship A Car Inc.,1,UT,40.507525,-111.699774,1,1,1,(Car),0,AR,35.944537,-94.091378,0,750,2170,1,100.0%
41468631,"DIY Transport, Inc.",1,VA,37.065054,-76.528166,1,1,1,(Car),0,AR,34.534538,-92.621910,0,450,1977,1,100.0%
41427166,Reindeer Logistics Inc. (prev. Reindeer Au...,1,WA,47.504128,-122.109663,1,1,1,(Car),0,AR,36.358326,-94.236067,0,900,983,1,99.4%
41364102,Direct Connect Auto Transport Inc.,0,WA,47.392329,-122.264592,1,1,1,(Car),0,AR,35.944537,-94.091378,0,1100,1942,1,100.0%
41461294,Auto Transport 123,0,WA,47.750280,-122.204651,1,1,1,(Motorcycle),0,AR,34.752862,-92.274760,0,550,2304,1,100.0%
41483235,Carsarrive Network Inc.,1,WA,47.165782,-122.503179,1,1,1,(Car),0,AR,34.843360,-92.324612,0,800,953,1,99.4%
41404733,State 2 State Auto Transport,1,AL,34.804218,-86.592350,1,1,1,(Car),0,AZ,33.370003,-112.035334,0,545,1260,1,100.0%
41478366,Dixon Worldwide Logistics Inc 2,1,AL,33.490064,-85.904183,1,1,1,(Car),0,AZ,33.509472,-112.142906,0,400,2,1,100.0%
41443675,Dixon Worldwide Logistics Inc,1,AL,34.514366,-85.829862,1,1,0,(Car),0,AZ,33.442828,-112.986996,0,775,328,1,97.7%
41464618,All Points Auto Transport LP,1,AL,34.645902,-86.752326,2,2,1,"(Car, SUV)",0,AZ,32.196131,-111.005014,0,2000,220,1,98.6%
41143246,Safeway Car Transport LLC,1,AR,36.118166,-94.059994,1,1,1,(Car),0,AZ,33.432721,-111.848279,0,500,865,1,99.7%
41438012,Vehicle Relocation Specialists Inc,1,AR,34.894327,-92.238748,1,1,1,(Car),0,AZ,32.213772,-110.823808,0,600,138,1,100.0%
41488902,Enterprise Fleet Management,1,AZ,33.407150,-112.025909,1,1,1,(Van),0,AZ,31.486183,-109.420268,0,150,113,1,98.2%
41427886,Freedom Auto Transport LLC,0,AZ,31.464272,-110.994375,1,1,1,(Other),0,AZ,35.372508,-113.952784,0,0,2108,1,100.0%
41483129,Enterprise Fleet Management,1,AZ,33.407150,-112.025909,1,1,1,(Van),0,AZ,34.039495,-114.314001,0,250,113,1,98.2%
41484004,Reindeer Logistics Inc. (prev. Reindeer Au...,1,AZ,33.386055,-111.841322,1,1,1,(Car),0,AZ,34.044276,-111.230920,0,200,983,1,99.4%
41446307,Schmitt's Superior Classics,1,AZ,32.707432,-114.680091,1,1,1,(Van),0,AZ,33.428058,-112.186166,0,175,112,1,100.0%
41491841,MetroGistics LLC,1,AZ,33.631186,-112.093201,3,3,1,(3 Car),0,AZ,32.269386,-111.004044,0,195,2680,1,100.0%
41491855,Carsarrive Network Inc.,1,AZ,33.421242,-112.272442,1,1,1,(Car),0,AZ,32.269386,-111.004044,0,85,953,1,99.4%
41278210,BWT Group LLC,1,AZ,34.525073,-111.856111,1,1,0,(Pickup),0,AZ,32.217872,-110.968616,0,175,1034,1,98.3%
41488515,Rio Vista Chevrolet,0,CA,34.650996,-120.222787,1,1,1,(SUV),0,AZ,33.326048,-111.824420,0,250,43,1,100.0%
41470878,Dynamic Auto Movers LLC,1,CA,33.195900,-117.378900,1,1,1,(Car),0,AZ,35.009572,-114.581531,0,100,1230,1,100.0%
41492368,Ready Auto Transport (RAT),1,CA,34.191708,-118.826396,1,1,1,(Other),0,AZ,33.279298,-111.737812,0,175,1699,1,99.9%
41491539,ADZ Transport Inc,1,CA,33.923076,-118.274317,1,1,1,(Car),0,AZ,33.538168,-112.185914,0,174,395,1,99.1%
41490636,South Beach Transport,1,CA,32.793814,-116.969497,1,1,0,(Car),0,AZ,33.538168,-112.185914,0,235,1954,1,99.9%
41381458,Central Valley Trans,1,CA,34.077968,-117.587449,1,1,1,(Car),0,AZ,31.833498,-111.002604,0,150,458,1,98.9%
41473766,Auto Driveaway-Tucson,1,CA,37.712627,-121.904985,1,1,1,(SUV),0,AZ,31.833498,-111.002604,0,450,134,1,100.0%
41486256,Martin Transports International Inc.,1,CA,33.826185,-118.258874,1,1,0,(Van),0,AZ,35.372508,-113.952784,0,300,260,1,100.0%
41491430,Motor City Sales Service,1,CA,35.156362,-119.046687,1,1,1,(Pickup),0,AZ,34.475370,-114.340188,0,300,165,1,100.0%
41473754,Southeast Auto Movers LLC,0,CA,33.835500,-117.913600,1,1,1,(Car),0,AZ,34.475370,-114.340188,0,200,37,1,97.3%
41489998,We Will Transport It Corp,1,CA,33.810422,-117.979420,1,1,1,(Other),0,AZ,34.649452,-114.187447,0,275,1839,1,99.5%
41473789,Initial Logistics LLC,1,CA,34.146127,-117.459940,1,1,0,(Pickup),0,AZ,34.475370,-114.340188,0,225,1295,1,99.9%
41453686,Coastal Auto Shipping LLC,1,CA,33.777769,-118.203827,1,1,1,(SUV),0,AZ,33.449836,-111.767694,0,225,298,1,100.0%
41490620,Passage Auto Transport,1,CA,33.875014,-118.240778,1,1,1,(Car),0,AZ,33.404312,-111.632641,0,225,924,1,99.5%
41386611,Hat Creek Carriers,1,CA,37.419156,-122.075413,1,1,1,(Car),0,AZ,33.397254,-111.785840,0,350,725,1,88.1%
41491363,Montway Inc.,1,CA,38.874453,-121.152408,1,1,1,(Car),0,AZ,32.401553,-110.953036,0,525,1701,1,100.0%
41418594,Car Delivery USA Inc,1,CA,34.278500,-119.292500,1,1,1,(Boat),0,AZ,36.803584,-111.203916,0,4200,2015,1,99.6%
41489639,The Finest Carrier Inc,1,CA,33.977854,-118.445271,1,1,1,(Car),0,AZ,34.044276,-111.230920,0,400,214,1,100.0%
41485147,World Wide Express LLC,1,CA,33.876760,-118.286071,1,1,1,(Heavy Equipment),0,AZ,33.384976,-112.105396,0,400,228,1,99.6%
41488252,Great American Transport,0,CA,33.994062,-118.152349,1,1,0,(Car),0,AZ,33.448446,-111.973861,0,200,613,1,97.3%
41489568,United Routes LLC,1,CA,33.685157,-117.734614,4,3,1,"(2 Car, 2 SUV)",0,AZ,33.450640,-112.069406,0,800,1081,1,99.7%
41489729,United Routes LLC,1,CA,33.684110,-117.827543,4,3,1,"(Car, 3 SUV)",0,AZ,33.450640,-112.069406,0,800,1081,1,99.7%
41490856,Isy1 LLC,1,CA,34.065164,-118.084194,1,1,1,(Car),0,AZ,33.625572,-112.054559,0,250,878,1,100.0%
41491667,MetroGistics LLC,1,CA,33.876760,-118.286071,2,2,1,(2 Car),0,AZ,33.631186,-112.093201,0,180,2680,1,100.0%
41482510,Transworld Logistics,0,CA,34.146010,-119.154322,1,1,1,(Car),0,AZ,33.448446,-111.973861,0,200,198,1,98.0%
41475162,United Road Logistics LLC,1,CA,34.244058,-117.308554,1,0,0,(Car),0,AZ,33.428058,-112.186166,0,190,1167,1,98.7%
41482303,Transworld Logistics,0,CA,32.994160,-117.075305,1,1,1,(Car),0,AZ,33.448446,-111.973861,0,225,198,1,98.0%
41434852,1Flat-Rate LLC,1,CA,37.632707,-122.114122,1,1,1,(Car),0,AZ,33.625572,-112.054559,0,250,944,1,99.8%
41492346,Ready Auto Transport (RAT),1,CA,36.172808,-119.363020,1,1,1,(Other),0,AZ,33.407150,-112.025909,0,285,1699,1,99.9%
41444108,Auto Transport 123,1,CA,37.006763,-121.878693,1,1,1,(Van),0,AZ,33.746387,-111.679598,0,800,2304,1,100.0%
41480194,AutoStar Transport Express LLC 2,1,CA,38.014874,-121.911466,1,1,1,(Car),0,AZ,33.610962,-111.890114,0,285,70,1,98.6%
41479630,Patriot Auto Transport LLC,1,CA,38.014874,-121.911466,1,1,1,(Car),0,AZ,33.610962,-111.890114,0,275,835,1,98.2%
41492266,Ready Auto Transport (RAT),1,CA,35.282800,-120.658700,1,1,1,(Other),0,AZ,33.494096,-111.922881,0,260,1699,1,99.9%
41491673,Stroh's Auto Trans,0,CA,33.527472,-117.713265,1,1,1,(SUV),0,AZ,33.651330,-112.376444,0,175,182,1,100.0%
41487759,Auto Relocators,1,CA,33.939338,-117.955881,3,3,1,"(2 Car, SUV)",0,AZ,33.421242,-112.272442,0,425,44,1,100.0%
41491423,Newell Auto Group,1,CA,37.975074,-122.154813,1,1,1,(Van),0,AZ,33.421242,-112.272442,0,350,74,1,100.0%
41490135,J & M Motorsports Llc,1,CA,37.419156,-122.075413,1,1,1,(SUV),0,AZ,33.421242,-112.272442,0,250,66,1,100.0%
41481764,MetroGistics LLC,1,CA,39.937912,-122.262277,1,1,1,(Car),0,AZ,32.269386,-111.004044,0,625,2680,1,100.0%
41397740,Coastal Auto Shipping LLC,0,CA,33.762854,-118.199285,1,1,1,(Car),0,AZ,32.098451,-110.730798,0,250,298,1,100.0%
41463593,Reindeer Logistics Inc. (prev. Reindeer Au...,1,CA,34.483586,-118.060418,1,1,1,(Car),0,AZ,32.214174,-110.883826,0,400,983,1,99.4%
41490553,Navy Auto Transport LLC,1,CA,33.252431,-117.286027,1,1,1,(Car),0,AZ,32.269386,-111.004044,0,200,699,1,99.9%
41490257,AMPM Auto Transport,0,CA,37.740000,-122.380000,2,2,1,(2 Car),0,AZ,32.204030,-110.946645,0,750,638,1,99.7%
41429976,Reindeer Logistics Inc. (prev. Reindeer Au...,1,CO,38.889456,-104.700522,1,1,1,(Car),0,AZ,33.324126,-111.876872,0,475,983,1,99.4%
41489864,United American Auto Transport,1,CO,40.062962,-105.022180,1,1,1,(Car),0,AZ,33.619195,-111.951657,0,400,2111,1,100.0%
41385771,Fidelity Auto Shipping,1,CO,39.847134,-105.421941,1,1,1,(Car),0,AZ,33.458894,-111.926374,0,400,1296,1,99.9%
41460927,"ESAF ENTERPRISE, LLC.",1,CO,39.183388,-108.594823,1,1,1,(SUV),0,AZ,33.458894,-111.926374,0,325,1,1,100.0%
41325615,Acme Auto Shipping,1,CO,39.957005,-105.157764,1,1,1,(Car),0,AZ,32.248016,-110.947413,0,450,1426,1,100.0%
41357149,Excellent Auto Transport,1,CO,39.533292,-105.156990,1,1,0,(Pickup),0,AZ,32.213772,-110.823808,0,550,937,1,100.0%
41459251,"Mercury Auto Transport, Inc.",1,CT,41.939313,-72.736118,1,1,1,(Car),0,AZ,33.241195,-112.768102,0,650,2712,1,100.0%
41489262,Affordable Auto Transportation Inc.,1,CT,41.551596,-72.992267,1,1,1,(Car),0,AZ,33.619195,-111.951657,0,600,1934,1,99.7%
41488225,Auto Transport Team LLC,1,FL,28.283592,-82.461176,1,1,1,(Car),0,AZ,33.358686,-112.328317,0,600,616,1,99.8%
41482398,AmeriFreight,1,FL,28.480217,-81.555979,1,1,1,(SUV),0,AZ,33.551108,-112.589754,0,450,1341,1,99.6%
41422059,CLS Services Inc.,1,FL,28.134464,-82.354097,1,1,1,(Car),0,AZ,33.551108,-112.589754,0,550,627,1,100.0%
41444644,CJ Auto Transport Services Corp,1,FL,29.912319,-81.542679,1,1,1,(Car),0,AZ,33.269825,-111.828842,0,600,261,1,100.0%
41482266,All American Transport -OCC Transport Co.,1,FL,28.097840,-82.687927,1,1,1,(SUV),0,AZ,33.603740,-111.742483,0,500,1957,1,100.0%
41484548,Cavalier Auto Transport LLC,1,FL,30.454597,-87.258345,1,1,1,(SUV),0,AZ,33.239632,-111.722224,0,650,793,1,100.0%
41482290,The Car Carriage LLC,1,FL,28.450127,-81.472588,1,1,1,(SUV),0,AZ,33.483096,-112.401205,0,550,183,1,100.0%
41489507,The Car Carriage LLC,0,FL,28.550000,-81.380000,1,1,1,(Car),0,AZ,33.483096,-112.401205,0,600,183,1,100.0%
41454854,Nationwide Transport Services LLC,1,FL,26.188293,-80.170448,1,1,1,(SUV),0,AZ,33.449836,-111.767694,0,600,3521,1,100.0%
41470458,Q Auto Transport LLC,1,FL,28.652192,-81.209657,1,1,1,(SUV),0,AZ,34.044276,-111.230920,0,600,1465,1,100.0%
41491233,365 Car Transport,1,FL,28.127336,-82.015046,1,1,0,(SUV),0,AZ,33.432017,-112.012424,0,650,518,1,100.0%
41483067,All States Auto Transport Inc.,0,FL,25.773900,-80.193700,1,1,0,(Car),0,AZ,33.448446,-111.973861,0,600,727,1,100.0%
41470600,Dealer To Dealer Auto Trans,0,FL,26.141800,-81.795000,1,1,1,(Pickup),0,AZ,33.678258,-112.099816,0,900,1446,1,99.9%
40764817,BWT Group LLC,1,FL,28.522810,-81.483258,1,1,1,(Car),0,AZ,33.332898,-112.068640,0,600.00,1034,1,98.3%
41330898,Acme Auto Shipping,1,FL,28.529943,-81.739693,1,1,1,(SUV),0,AZ,33.909541,-112.132996,0,600,1426,1,100.0%
41491499,Direct Express Auto Transport,1,FL,27.975708,-82.746457,1,1,1,(Car),0,AZ,33.428058,-112.186166,0,550,650,1,98.6%
41406010,Fidelity Auto Shipping,1,FL,25.698850,-80.448256,1,1,1,(Car),0,AZ,34.619313,-112.419363,0,500,1296,1,99.9%
40948539,DAK Shipping & Transport LLC,1,FL,28.662967,-81.517350,1,1,1,(Heavy Equipment),0,AZ,33.128750,-111.605343,0,2300,269,1,99.3%
41475785,Auto Transport 123,1,FL,29.346048,-81.067604,1,1,1,(Car),0,AZ,33.494096,-111.922881,0,600,2304,1,100.0%
41008127,BWT Group LLC,1,FL,27.917755,-82.124587,1,1,1,(Car),0,AZ,33.560513,-111.885972,0,550,1034,1,98.3%
41334174,"American Car Transporters, Inc",1,FL,27.099079,-82.138576,2,2,1,(2 SUV),0,AZ,33.651330,-112.376444,0,1050,1643,1,99.9%
41334177,"American Car Transporters, Inc",1,FL,27.099079,-82.138576,1,1,1,(Motorcycle),0,AZ,33.651330,-112.376444,0,800,1643,1,99.9%
41465107,Car Delivery USA Inc,1,FL,27.931749,-82.739553,2,2,1,(2 Car),0,AZ,33.609725,-112.439734,0,1000,2015,1,99.6%
41437857,Nationwide Transport Services LLC,1,FL,25.977272,-80.150346,1,1,1,(SUV),0,AZ,33.393896,-111.929062,0,650,3521,1,100.0%
41370263,Dynamic Auto Movers LLC,1,FL,28.149498,-80.644461,1,1,1,(Car),0,AZ,33.401391,-111.931622,0,650,1230,1,100.0%
41464918,A & A Auto Carrier INC (prev. Fast Way Aut...,0,FL,25.773900,-80.193700,1,1,1,(Pickup),0,AZ,32.204030,-110.946645,0,850,207,1,100.0%
41483985,Montway Inc- Relocation,1,FL,26.252183,-80.209765,1,1,1,(SUV),0,AZ,32.272493,-110.748308,0,500,257,1,100.0%
41095042,ShipYourCarNow LLC,0,FL,27.947300,-82.458800,1,1,1,(SUV),0,AZ,32.175636,-110.796666,0,700,3259,1,99.8%
41476006,ALSTG Inc.,1,FL,29.299226,-81.186502,1,1,1,(SUV),0,AZ,32.707432,-114.680091,0,600,12,1,100.0%
41489219,1Flat-Rate LLC,1,GA,33.781290,-85.291924,1,1,1,(Car),0,AZ,33.364632,-111.747279,0,500,944,1,99.8%
41402845,AAA Transporters,1,GA,33.394116,-84.637826,1,1,1,(Car),0,AZ,33.370118,-112.405908,0,589.11,1499,1,99.6%
41325011,Olympus Xclusive Transporters LLC,1,GA,32.396006,-84.822670,1,1,1,(Car),0,AZ,31.492661,-111.050018,0,550,66,1,100.0%
41343541,Heartland Auto Shippers,1,GA,33.752880,-84.392426,1,1,1,(Car),0,AZ,33.463340,-111.984771,0,550,404,1,100.0%
41472260,Alpha & Omega Shipping Inc.,0,GA,33.741220,-84.097555,1,1,1,(Car),0,AZ,33.448446,-111.973861,0,500,8,1,100.0%
41481877,Auto Shipping Group Inc.,1,GA,34.033302,-84.597721,1,1,1,(Car),0,AZ,33.303086,-112.108096,0,600,950,1,99.5%
41473803,NWA,1,GA,34.127756,-84.575753,1,1,1,(Other),0,AZ,34.655971,-112.304724,0,500,223,1,99.6%
41470831,Car Delivery USA Inc,1,IA,42.024733,-91.661330,1,1,1,(Pickup),0,AZ,33.509136,-112.124650,0,550,2015,1,99.6%
41091232,Auto Shipping Group Inc.,1,IA,40.706642,-92.925273,1,1,1,(SUV),0,AZ,33.421242,-112.272442,0,600,950,1,99.5%
